"city","article_title","total_pageviews","monthly_average","date_pulled","verified_name_count","populated_category_count","classifier_named_entries","status","error"
"Singapore","Singapore","4089068","340755.67","2026-10-06","0","15","8","matched",""
"Hong Kong","Hong Kong","3000316","250026.33","2026-10-06","0","15","5","matched",""
"Berlin","Berlin","1672816","139401.33","2026-10-06","0","15","7","matched",""
"Prague","Prague","1219794","101649.5","2026-10-06","0","15","7","matched",""
"Vancouver","Vancouver","1212881","101073.42","2026-10-06","0","15","8","matched",""
"Montreal","Montreal","1179063","98255.25","2026-10-06","0","15","7","matched",""
"Vienna","Vienna","1165442","97120.17","2026-10-06","0","15","7","matched",""
"Melbourne","Melbourne","1124536","93711.33","2026-10-06","0","15","7","matched",""
"Venice","Venice","1039850","86654.17","2026-10-06","0","15","8","matched",""
"Rio de Janeiro","Rio de Janeiro","963843","80320.25","2026-10-06","0","15","7","matched",""
"Munich","Munich","879247","73270.58","2026-10-06","0","15","7","matched",""
"Cape Town","Cape Town","795316","66276.33","2026-10-06","0","15","8","matched",""
"Cairo","Cairo","716371","59697.58","2026-10-06","0","15","7","matched",""
"Reykjavik","Reykjavík","667739","55644.92","2026-10-06","0","15","7","matched",""
"Honolulu","Honolulu","637614","53134.5","2026-10-06","0","15","7","matched",""
"Kyoto","Kyoto","627474","52289.5","2026-10-06","0","15","7","matched",""
"Hanoi","Hanoi","536601","44716.75","2026-10-06","0","15","7","matched",""
"Nice","Nice","503194","41932.83","2026-10-06","0","15","7","matched",""
"Banff","Banff, Alberta","309638","25803.17","2026-10-06","0","15","7","matched",""
"Queenstown","Queenstown, New Zealand","174539","14544.92","2026-10-06","0","15","7","matched",""
